{"coco/AP": 0.7551692320872194, "coco/AP .5": 1.0, "coco/AP .75": 0.9410239343262058, "coco/AP (M)": -1.0, "coco/AP (L)": 0.7551692320872194, "coco/AR": 0.780952380952381, "coco/AR .5": 1.0, "coco/AR .75": 0.9523809523809523, "coco/AR (M)": -1.0, "coco/AR (L)": 0.780952380952381, "PCK": 0.9716553287981858, "AUC": 0.12046485260770975, "NME": 0.040908636149365345, "data_time": 2.6720091104507446, "time": 3.278497020403544}