{"coco/bbox_mAP": 0.826, "coco/bbox_mAP_50": 0.969, "coco/bbox_mAP_75": 0.969, "coco/bbox_mAP_s": -1.0, "coco/bbox_mAP_m": -1.0, "coco/bbox_mAP_l": 0.826, "data_time": 1.404548254880038, "time": 1.9110908725044944}