{"accuracy/top1": 70.31722259521484, "accuracy/top5": 94.93958282470703, "data_time": 0.405378330321539, "time": 0.6459502776463827}