{"aAcc": 97.7, "mIoU": 82.25, "mAcc": 86.99, "data_time": 0.4479147737676447, "time": 2.675815560600974}