{"aAcc": 96.61, "mIoU": 79.16, "mAcc": 84.81, "data_time": 0.43764062361283734, "time": 1.182912739840421}